symbol,entry_day,exit_day,notional,funding,fees,basis,pnl,reason,payments,positive,qty,mult,entry_perp,entry_spot,exit_perp,exit_spot
ONTUSDT,1581984000000,1583107200000,8.826,0.09318230320000001,0.018772490550000003,-0.03693199999999926,0.03747781265000075,signal,39.0,36.0,10.0,1.0,0.8812761000000001,0.8830225500000001,0.6832233000000001,0.6812765500000001
TRXUSDT,1580688000000,1584057600000,8.9817,0.424136894468,0.0155101279575,-0.015267950000003314,0.3933588165104967,signal,117.0,115.0,470.0,1.0,0.019081334999999998,0.019118635000000002,0.00839257,0.008397385000000002
XTZUSDT,1581552000000,1584057600000,8.9478,0.272714574546,0.014999145840000002,-0.0288767699999975,0.2288386587060025,signal,87.0,83.0,2.7,1.0,3.309029,3.30505015,1.331995,1.3173210499999999
XRPUSDT,1580515200000,1584144000000,8.985,0.6809021070750001,0.01792260759375,-0.03805424999999826,0.6249252494812518,signal,126.0,122.0,37.5,1.0,0.23924060000000003,0.239829205,0.15893805000000003,0.15851187500000002
EOSUSDT,1580515200000,1584144000000,8.712900000000001,0.520138956267,0.015772083075000002,-0.037749180000001714,0.4666176931919983,signal,126.0,122.0,2.1,1.0,4.1427765,4.152419300000001,2.115168,2.106835
ADAUSDT,1580688000000,1584144000000,8.97897,0.5794852663284995,0.01626530550225,-0.03261135499999837,0.5306086058262511,signal,120.0,117.0,161.0,1.0,0.055686345000000005,0.05580358,0.02848266,0.02839734
ATOMUSDT,1581897600000,1584144000000,9.07902,0.21561561365399998,0.015369347126250002,-0.023928164999996657,0.17631810152775332,signal,78.0,73.0,2.07,1.0,4.379421000000001,4.388573,1.8037015,1.8012940000000002
XMRUSDT,1583625600000,1584230400000,13.146,0.046421514639999995,0.0244472388,-0.03310399999999857,-0.011129724159998577,signal,21.0,16.0,0.2,1.0,65.631405,65.808565,36.114090000000004,36.125730000000004
DASHUSDT,1581379200000,1584316800000,8.951600000000001,0.30641822802500013,0.014694744960000002,-0.012937400000001879,0.27878608306499825,signal,102.0,97.0,0.07,1.0,127.68818,127.77137,47.260785,47.159155
ZECUSDT,1581379200000,1584403200000,9.017100000000001,0.3631426773576,0.014630439991500002,-0.02883923999999953,0.31967299736610044,signal,105.0,101.0,0.129,1.0,69.79515,69.874655,24.757080000000002,24.613025
XLMUSDT,1580601600000,1584576000000,8.9712,0.5802423247583999,0.017130426480000002,-0.01977983999999962,0.5433320582784003,signal,138.0,131.0,144.0,1.0,0.062206550000000006,0.06233336,0.036855200000000005,0.03684465000000001
XMRUSDT,1584921600000,1585872000000,13.14108,0.1499566888754,0.0368704686945,-0.1786588300000021,-0.0655726098191021,signal,33.0,23.0,0.34600000000000003,1.0,37.92303,38.247285,50.79608,50.60398
XTZUSDT,1586563200000,1587168000000,16.9723,0.017539863145999993,0.042636511102500003,-0.10481707999999723,-0.12991372795649725,signal,21.0,18.0,8.9,1.0,1.9041395,1.9091594500000002,2.089129,2.08237175
ADAUSDT,1587772800000,1590710400000,17.142809999999997,0.3850819655379001,0.05129725821975,-0.23694355499999403,0.09684115231815604,watchdog,99.0,98.0,411.0,1.0,0.041647435,0.041712475,0.06264062,0.062129155000000005
XMRUSDT,1588377600000,1592438400000,21.128850000000003,0.34709831960130005,0.051365331252000004,-0.1217514600000064,0.17398152834929365,signal,141.0,136.0,0.333,1.0,63.354825000000005,63.54517500000001,65.17762,65.00234999999999
ATOMUSDT,1587772800000,1594425600000,17.14496,1.0435947824792002,0.051333088653,-0.232565899999993,0.7596957938262072,watchdog,228.0,225.0,6.23,1.0,2.747872,2.7521220000000004,4.136531,4.103451
ONTUSDT,1592438400000,1595289600000,24.9304,1.2948553942720002,0.06825938328,-0.24988919999999218,0.9767068109920081,signal,99.0,92.0,44.0,1.0,0.5657501,0.56734975,0.72859125,0.7245116
ZECUSDT,1588032000000,1595808000000,17.13635,1.179949520827,0.05140367549625,-0.3870578249999955,0.7414880203307546,watchdog,267.0,266.0,0.385,1.0,44.443235,44.536705000000005,67.33163499999999,66.41976
ETHUSDT,1588464000000,1595808000000,20.971020000000003,0.7401640766604003,0.062054341933500005,-0.438963069999982,0.23914666472691826,watchdog,252.0,249.0,0.098,1.0,213.66901500000003,214.210835,316.12619499999994,312.1888
NEOUSDT,1588550400000,1596412800000,21.058639999999997,1.6279350741016003,0.06331621271999999,-0.488111759999992,1.0765071013816083,watchdog,270.0,269.0,2.32,1.0,9.0633845,9.091617,13.775713,13.5935525
COMPUSDT,1595808000000,1596585600000,29.514210000000002,0.2305883826037,0.06501522462600001,-0.05782413999999597,0.107749017977704,signal,27.0,23.0,0.187,1.0,157.59325500000003,157.706205,132.18798500000003,131.991715
ZILUSDT,1595289600000,1596931200000,29.46316,1.4063710345234999,0.08862709722375,-0.40281984499998885,0.914924092299761,watchdog,54.0,54.0,1709.0,1.0,0.01721414,0.017255845,0.026096909999999997,0.02590291
XTZUSDT,1590710400000,1597104000000,20.9864,2.1534777577939996,0.06280041200250001,-0.38034408999998953,1.71033325579151,watchdog,219.0,219.0,7.4,1.0,2.831746,2.8352465000000002,4.268120499999999,4.220223150000001
SXPUSDT,1596412800000,1597104000000,33.585860000000004,0.9369580318426,0.10129489764525001,-0.7697274249999814,0.06593570919736857,watchdog,21.0,21.0,19.3,1.0,1.7375897,1.7376025000000002,2.6610209499999997,2.6211515000000003
SXPUSDT,1597104000000,1597276800000,33.71683,0.17792668297040004,0.10110920826300002,-0.8096122299999962,-0.7327947552925962,watchdog,3.0,3.0,13.3,1.0,2.53129735,2.535798,3.83628595,3.7799135
KNCUSDT,1595808000000,1598918400000,28.76657,2.4811868512454995,0.07557270958425,-0.046223675000000464,2.359390466661249,signal,108.0,105.0,19.0,1.0,1.5117589550000001,1.5142680000000002,1.80121778,1.8012940000000002
BANDUSDT,1597276800000,1598918400000,32.52414,0.9185991808026001,0.0734374708155,-0.00999669000000003,0.8351650199871,signal,57.0,51.0,2.2,1.0,14.76152445,14.7743283,13.0425345,13.050794400000001
ADAUSDT,1596585600000,1599350400000,33.7225,1.6037854895105002,0.06581489412375,-0.11988642500001553,1.4180841703867346,signal,96.0,92.0,235.0,1.0,0.14328475,0.143544995,0.09009494,0.08984503
ONTUSDT,1596931200000,1600128000000,33.6306,2.109026538183999,0.08751696489,-0.12677139999999537,1.8947381732940038,signal,111.0,109.0,46.0,1.0,0.73000335,0.7319963500000001,0.8546801,0.8539172
ETCUSDT,1588291200000,1600473600000,21.084960000000002,2.9852489024682,0.04563747549675,-0.11083697699999519,2.828774449971455,signal,423.0,418.0,3.27,1.0,6.438328000000001,6.4498603,5.1987865,5.1764237
XLMUSDT,1594425600000,1600905600000,29.396400000000003,3.397604602755,0.06193558899000001,-0.10864590000000257,3.2270231137649974,signal,225.0,222.0,330.0,1.0,0.08894638,0.08908342500000001,0.067491085,0.06729890000000001
SXPUSDT,1598918400000,1601510400000,38.23422,0.6316198532630001,0.0739097036685,-0.12177719000000833,0.43593295959449174,signal,90.0,86.0,13.4,1.0,2.84902005,2.8552765,1.7452139,1.7423825000000002
ETCUSDT,1601424000000,1601942400000,38.497840000000004,0.08984291700640001,0.08977865040900002,-0.18524282000000125,-0.18517855340260125,signal,18.0,14.0,7.12,1.0,5.3988895,5.420118,5.0986365000000005,5.09384775
DOTUSDT,1598918400000,1602028800000,38.2775,0.5084719974149999,0.07333546048875002,-0.14123299500000946,0.29390354192624046,signal,108.0,103.0,6.1000000000000005,1.0,6.2655875000000005,6.280606800000001,3.7486145,3.7404808500000004
SUSHIUSDT,1601251200000,1602028800000,38.374,0.06802538763999999,0.06748677453,-0.1043013999999934,-0.10376278688999341,signal,27.0,25.0,28.0,1.0,1.36844425,1.3710535000000001,0.6391573,0.6380415
IOSTUSDT,1601510400000,1602115200000,42.509371,0.04573638804578001,0.097301462850225,-0.25040194150000217,-0.30196701630444717,signal,21.0,17.0,7177.0,1.0,0.005914115500000001,0.005936892,0.0053770535,0.0053649405
UNIUSDT,1602028800000,1602892800000,40.6395,0.043030181985,0.10359140557500002,-0.30094350000000514,-0.3615047235900052,signal,30.0,24.0,15.0,1.0,2.70523605,2.7183714500000002,3.0459621,3.0390346000000004
IOSTUSDT,1602633600000,1604016000000,42.494426,0.09441425857968,0.09256047690630001,-0.21730568600000308,-0.2154519043266231,signal,48.0,41.0,7046.0,1.0,0.006021953500000001,0.0060380435,0.0049243755000000005,0.004909624500000001
SOLUSDT,1602547200000,1604188800000,42.499719999999996,0.20130500929452005,0.08160734110245,-0.17599937300000096,-0.0563017048079309,signal,57.0,53.0,16.46,1.0,2.578127,2.5864739,1.5497211000000002,1.54737545
KAVAUSDT,1597104000000,1604361600000,33.58725,2.5646100689849995,0.054504950343750004,0.009991124999993752,2.5200962436412433,signal,252.0,251.0,7.5,1.0,4.47158255,4.471597350000001,1.58367195,1.5850189
BCHUSDT,1588377600000,1604534400000,20.914920000000002,2.7750071164492,0.048797029368,-0.07114893999999695,2.655061147081203,signal,561.0,557.0,0.082,1.0,254.67741,255.172185,241.151185,240.77829
ATOMUSDT,1599350400000,1605484800000,38.409580000000005,1.3193542807038,0.09264315075675002,-0.1925906949999998,1.03412043494705,signal,213.0,199.0,7.8100000000000005,1.0,4.910623,4.917365,4.981461,4.9635435
LTCUSDT,1588291200000,1605571200000,21.09835,3.061690005555999,0.06309763653375,-0.38798077499998584,2.610611594022263,watchdog,597.0,418.0,0.455,1.0,46.300445,46.399495,69.67211999999999,68.91846500000001
OMGUSDT,1604016000000,1606003200000,42.441840000000006,0.8755118384207999,0.12604336321500004,-1.0503576299999833,-0.3008891547941833,watchdog,66.0,63.0,14.700000000000001,1.0,2.8828692,2.8900285500000003,4.29815505,4.233861500000001
ETHUSDT,1603324800000,1606176000000,42.2226,1.4817729157848003,0.126293675742,-0.7401358800000019,0.6153433600427984,watchdog,96.0,96.0,0.108,1.0,390.363575,390.895465,587.742995,581.421775
XLMUSDT,1605484800000,1606176000000,46.62402,0.7574391980802,0.1397983329675,-0.9965556899999811,-0.3789148248872811,watchdog,21.0,21.0,582.0,1.0,0.07998983500000001,0.08022015,0.12096188999999999,0.11947991000000001
SXPUSDT,1604188800000,1606262400000,46.539049999999996,2.4399887057085,0.138000887835,-1.1977039499999815,1.1042838678735185,watchdog,69.0,69.0,56.5,1.0,0.82246445,0.8242345,1.2239832499999999,1.204555
ADAUSDT,1604707200000,1606262400000,46.519200000000005,1.2869872670034,0.13806122175000002,-0.8508838799999908,0.2980421652534091,watchdog,51.0,51.0,426.0,1.0,0.10903620000000001,0.10928368,0.16197562499999998,0.160225725
RSRUSDT,1606176000000,1606435200000,46.824329999999996,0.09221494046611001,0.103490706993975,-0.06801218549998667,-0.07928795202785166,signal,9.0,6.0,2051.0,1.0,0.022795755,0.02279414,0.0192758705,0.019241095
RUNEUSDT,1606176000000,1606608000000,46.03,0.2202324746,0.102802748625,0.07799750000001388,0.19542722597501389,signal,15.0,10.0,50.0,1.0,0.9192191000000001,0.9185758,0.7939892,0.79490585
BZRXUSDT,1600128000000,1608768000000,38.4569,2.2612760784429997,0.06402371106,-0.07109319999998125,2.1261591673830185,signal,300.0,297.0,89.0,1.0,0.43145185,0.43134605000000004,0.1686526,0.167748
ETCUSDT,1605571200000,1608768000000,46.6927,1.6311148471330006,0.10892819520937501,-0.22993819250001257,1.292248459423613,signal,111.0,109.0,8.65,1.0,5.389903,5.40279205,5.104645500000001,5.090952100000001
ZENUSDT,1608768000000,1609113600000,51.129400000000004,0.048964057225,0.1526564072175,-0.9160251499999879,-1.0197174999924878,watchdog,9.0,8.0,5.9,1.0,8.653001000000001,8.662975000000001,12.9932075,12.847923000000002
NEARUSDT,1608768000000,1609545600000,51.0019,0.149906232281,0.15460353035250002,-0.9441923499999691,-0.9488896480714691,watchdog,24.0,24.0,53.0,1.0,0.9608565500000001,0.9642442,1.4769163499999998,1.46248905
BCHUSDT,1606608000000,1609718400000,46.65921,1.5772973503377998,0.13909185372225003,-1.0701037749999915,0.3681017216155582,watchdog,105.0,105.0,0.169,1.0,275.675865,276.39397,413.24125499999997,407.62738500000006
AAVEUSDT,1606262400000,1609804800000,40.137600000000006,1.8568343525160003,0.12086395173000002,-1.0653288000000045,0.6706416007859957,watchdog,120.0,117.0,0.6000000000000001,1.0,66.79565600000001,66.88317450000001,102.071263,100.3832335
ETHUSDT,1609113600000,1609804800000,50.76178,1.0039582522216,0.151607875476,-1.0349232999999916,-0.18257292325439156,watchdog,21.0,21.0,0.074,1.0,684.941045,686.12765,1029.6125,1016.813655
EGLDUSDT,1609545600000,1609977600000,54.828900000000004,1.271238772755,0.16415241790500001,-0.8618924999999829,0.2451938548500172,watchdog,12.0,12.0,2.1,1.0,26.069836500000005,26.0460105,39.35631,38.922059000000004
ALPHAUSDT,1609804800000,1610064000000,55.22484,0.46391170750219995,0.1683926374155,-1.5866141899999853,-1.2910951199132854,watchdog,6.0,6.0,214.0,1.0,0.25767291000000003,0.25762586000000004,0.40275427499999994,0.39529314
DASHUSDT,1587859200000,1610323200000,17.08415,2.0408196683223006,0.051234589252500004,-0.31792040999999405,1.6716646690698065,watchdog,777.0,774.0,0.199,1.0,85.721225,85.878625,129.630725,128.190535
ZECUSDT,1604707200000,1610323200000,46.5533,2.7454417048194997,0.14021458094625,-0.8261096749999974,1.7791174488732522,watchdog,192.0,192.0,0.755,1.0,61.56751,61.662355000000005,93.76003,92.76069000000001
RENUSDT,1606003200000,1610755200000,46.4399,3.977071069686,0.138914658285,-0.7485855000000217,3.0895709114009784,watchdog,162.0,161.0,130.0,1.0,0.356694155,0.35712488500000006,0.53684498,0.5315173599999999
TOMOUSDT,1610064000000,1610755200000,55.36244,1.0438188321820003,0.165490055586,-1.161091439999998,-0.2827626634039977,watchdog,21.0,21.0,59.6,1.0,0.92750665,0.9275893000000001,1.3984649,1.37906615
DOTUSDT,1609718400000,1610841600000,55.01520000000001,1.529098810398,0.16297009731000003,-0.7978008599999896,0.5683278530880105,watchdog,36.0,36.0,5.4,1.0,10.172718000000001,10.160517950000001,15.084576499999999,14.924635550000001
BATUSDT,1602547200000,1611360000000,42.3168,3.9439191997439993,0.12733548336,-0.7211423999999904,3.095441316384009,watchdog,303.0,300.0,192.0,1.0,0.22006940000000003,0.22043015,0.3344985,0.33110330000000004
TRBUSDT,1606435200000,1611878400000,46.4987,3.813588060064001,0.13874464848,-0.9410034999999931,2.733839911584008,watchdog,186.0,186.0,1.9000000000000001,1.0,24.436290500000002,24.502699000000003,36.6431555,36.214299000000004
EGLDUSDT,1609977600000,1611878400000,54.21640000000001,3.36031052231,0.162416906505,-0.5489448999999962,2.6489487158050036,watchdog,63.0,63.0,1.4000000000000001,1.0,38.667911000000004,38.55775,58.391585,57.889320500000004
ETHUSDT,1609804800000,1612396800000,54.24224,4.913527501339601,0.162010004637,-0.9484963799999916,3.8030211167026096,watchdog,87.0,87.0,0.052000000000000005,1.0,1041.55532,1043.012175,1564.337985,1547.554525
SXPUSDT,1606262400000,1612483200000,46.73592,6.536013596164801,0.13844224944,-0.8075073599999925,5.590063986724808,watchdog,213.0,213.0,39.6,1.0,1.1784297,1.1747595000000002,1.7522498,1.728188
LRCUSDT,1610841600000,1612483200000,55.58124,3.5844635318063003,0.16599819940275,-1.412057074999979,2.0064082574035713,watchdog,54.0,54.0,143.0,1.0,0.38809698000000004,0.38888245,0.584448235,0.5753591800000001
ALPHAUSDT,1611878400000,1612483200000,55.94632,2.5996986898174,0.16866078499050002,-1.5718490700000063,0.8591888348268939,watchdog,18.0,18.0,34.0,1.0,1.6430117800000001,1.6501214750000002,2.510838155,2.471716995
IOTAUSDT,1610323200000,1612828800000,55.2249,4.824391509554999,0.16472969244000002,-0.9313412999999623,3.728320517115037,watchdog,84.0,84.0,129.0,1.0,0.42745785000000003,0.42764050000000003,0.64097145,0.6339344000000001
FILUSDT,1611360000000,1612915200000,55.745,2.8851710821500003,0.16403622853125002,-1.2236161249999873,1.497518728618763,watchdog,51.0,51.0,2.5,1.0,22.264553,22.3260389,32.6432365,32.215275950000006
XLMUSDT,1610755200000,1613001600000,55.4385,5.8549443495465,0.16424613694125,-1.4761587749999963,4.214539437605254,watchdog,75.0,75.0,195.0,1.0,0.28387355000000003,0.284315835,0.42221144,0.41508368
RSRUSDT,1612483200000,1613001600000,60.679014,2.5963549296737796,0.18084090804945002,-1.2288746030000055,1.186639418624324,watchdog,15.0,15.0,1562.0,1.0,0.0387887295,0.038928305,0.058007866,0.05736071
FLMUSDT,1612483200000,1613088000000,60.4912,3.351385420944,0.17871879564,-1.4541383999999997,1.7185282253040004,watchdog,18.0,18.0,176.0,1.0,0.34318445000000003,0.34391510000000003,0.5072725,0.49974100000000005
YFIUSDT,1610323200000,1613174400000,34.014300000000006,3.8686795346950005,0.0998719091175,-0.7766636700000011,2.9921439555774993,watchdog,96.0,96.0,0.001,1.0,33963.27855,34017.40969,49681.06325,48958.53072
LINKUSDT,1610755200000,1613174400000,55.45056,5.375947327448399,0.16637488957575,-1.109671223999981,4.099901213872668,watchdog,81.0,81.0,2.67,1.0,20.736848000000002,20.77161075,31.406696999999998,31.025852550000003
XTZUSDT,1611878400000,1613174400000,55.8744,3.9160849867740013,0.16494938397000003,-1.0189061399999673,2.732229462804034,watchdog,42.0,42.0,18.6,1.0,2.9994940000000003,2.99879145,4.425826999999999,4.37034455
FTMUSDT,1613174400000,1613865600000,61.749522,2.75512086704421,0.184618211860125,-1.0393411184999777,1.5311615366841074,watchdog,21.0,21.0,333.0,1.0,0.185155849,0.184866885,0.2791636085,0.27575350000000004
LUNAUSDT,1613088000000,1614038400000,61.70837399999999,4.2549425607591305,0.17993345939549998,-0.30219378299999233,3.772815318363638,watchdog,30.0,30.0,11.19,1.0,5.5063281,5.50374325,7.9136519,7.8840613500000005
ANKRUSDT,1613174400000,1614038400000,61.89383,4.521193204545651,0.198488216804625,-0.4765254624999874,3.8461795252410385,watchdog,27.0,27.0,2755.0,1.0,0.022432301,0.022429594,0.037717970499999996,0.037542296
FTMUSDT,1614038400000,1614297600000,63.315642000000004,0.20497166963958002,0.1894566745692,-0.9087298620000016,-0.8932148669296216,watchdog,6.0,6.0,138.0,1.0,0.45812078650000004,0.45816622,0.6900000905,0.683460525
AKROUSDT,1612828800000,1615680000000,61.20063999999999,8.316099134976401,0.178086278979,-0.9737169799999726,7.1642958759974285,watchdog,96.0,96.0,1396.0,1.0,0.04377424,0.043659391000000006,0.06311273499999999,0.062300381
ENJUSDT,1615680000000,1615852800000,67.53384,0.4195889271486,0.200082496482,-0.9278741999999878,-0.7083677693333879,watchdog,3.0,3.0,33.0,1.0,2.04341028,2.04093682,3.0298432149999996,2.9992523550000003
TRBUSDT,1613174400000,1616803200000,59.4,4.09663034194,0.14806593637499998,0.415008499999994,4.363572905564994,signal,126.0,119.0,1.0,1.0,59.310900000000004,59.336872,63.785535,64.22651549999999
ZRXUSDT,1613001600000,1618012800000,60.18,10.087820212799999,0.1785531084,-1.1638479999999687,8.74541910440003,watchdog,171.0,171.0,40.0,1.0,1.50224325,1.50255045,2.2354143,2.2066253000000002
IOTAUSDT,1613865600000,1618099200000,63.4386,8.184079190874,0.19036223803500002,-1.411710099999958,6.582006852839042,watchdog,144.0,144.0,46.0,1.0,1.37703135,1.3808682,2.0859446999999998,2.0590922000000003
MKRUSDT,1616803200000,1618531200000,67.5852,4.7678804712406,0.20175432174300004,-1.082761619999967,3.483364529497633,watchdog,57.0,57.0,0.034,1.0,1984.8183000000001,1985.8743500000003,2978.72421,2947.9343300000005
1INCHUSDT,1612396800000,1618963200000,60.6156,16.580737988868005,0.14483627946,-0.20137080000001517,16.23453090940799,signal,228.0,225.0,12.0,1.0,5.0437230500000005,5.04325355,5.025426850000001,5.00817645
ALPHAUSDT,1612483200000,1618963200000,60.065200000000004,14.520186550310996,0.114447696519,-0.1701369799999748,14.235601873792021,signal,225.0,224.0,26.0,1.0,2.3067347000000002,2.31116155,1.36001697,1.35790009
LUNAUSDT,1618012800000,1618963200000,74.047832,3.6022510711896802,0.1648298313804,-0.36491547200002317,3.072505767809257,signal,33.0,31.0,4.72,1.0,15.664567850000001,15.691702300000001,13.4511465,13.40096835
HOTUSDT,1618099200000,1618963200000,74.204004,3.4842443185553003,0.16341687976725,-0.10626822140000497,3.2145592173880453,signal,30.0,29.0,3866.0,1.0,0.019165209,0.0191629013,0.016080084,0.0160502884
LRCUSDT,1612915200000,1619395200000,60.849540000000005,12.823085975383504,0.11856931220250003,0.06713529000000021,12.771651953181005,signal,225.0,222.0,87.0,1.0,0.6983708700000001,0.6964431000000001,0.43927793000000004,0.43812183000000005
ETHUSDT,1618963200000,1620172800000,74.56224,0.6340647082784,0.22305184672800002,-1.3586660799999755,-0.9476532184495755,watchdog,39.0,39.0,0.032,1.0,2326.574895,2333.7553900000003,3499.6277749999995,3464.3499550000006
FTMUSDT,1614297600000,1620518400000,63.373689999999996,9.257648739438778,0.18940484945175,-0.5918025049999733,8.476441384987055,watchdog,213.0,213.0,106.0,1.0,0.5969682025,0.5946306100000001,0.8984750249999999,0.8905543900000001
LTCUSDT,1618963200000,1620691200000,75.38565,2.4857571873246997,0.228245924076,-1.3358446999999876,0.9216665632487122,watchdog,57.0,57.0,0.289,1.0,260.458725,261.121095,399.75082,395.79089
EOSUSDT,1620691200000,1620777600000,79.73060000000001,0.0,0.2314480399725,-1.3903323299999413,-1.6217803699724413,watchdog,0.0,0.0,8.6,1.0,9.257093500000002,9.2792981,13.243327999999998,13.10386605
DOGEUSDT,1620172800000,1620777600000,79.193163,0.7937687647446902,0.18208652134522502,-0.45831784950000704,0.1533643938994581,signal,21.0,19.0,147.0,1.0,0.5379209065,0.5393478100000001,0.49448061000000004,0.4927897050000001
IOTAUSDT,1618963200000,1621209600000,74.74220000000001,2.6687193000120004,0.17101945438500002,-0.00931769999997209,2.4883821456270283,signal,78.0,75.0,34.0,1.0,2.1950025500000003,2.19638965,1.9950881500000002,1.9962012000000002
EGLDUSDT,1613001600000,1621468800000,53.02590000000001,13.498192445322003,0.09825165319500001,-0.1262495999999868,13.273691192127016,signal,294.0,291.0,0.30000000000000004,1.0,176.48787049999999,176.608516,96.5456015,96.24541500000001
RENUSDT,1614038400000,1621468800000,63.37668000000001,9.804525035653404,0.10206618137175,-0.1390431549999856,9.563415699281668,signal,258.0,256.0,47.0,1.0,1.3464173400000001,1.3488202,0.46211213,0.461556625
ENJUSDT,1615852800000,1621468800000,66.9375,11.224562011357504,0.11615434903125,-0.24156187499998616,10.866845787326268,signal,195.0,193.0,25.0,1.0,2.6734837500000004,2.682267375,1.1933874,1.19250855
BTTUSDT,1618531200000,1621468800000,75.017823,3.562011409519849,0.1301839528626,-0.03417266199998367,3.3976547946572655,signal,102.0,100.0,9103.0,1.0,0.0082286385,0.0082293255,0.0036905275,0.0036874605
NEOUSDT,1618963200000,1621468800000,74.63109,2.3051173808232,0.13518074245500003,-0.21229575000000153,1.9576408883681986,signal,87.0,86.0,0.6900000000000001,1.0,107.99875850000001,108.30020700000001,55.078494000000006,55.0722675
SOLUSDT,1619568000000,1621468800000,75.22211399999999,1.9317429864301205,0.16319397591855,-0.21295190100002082,1.5555971095115497,signal,66.0,65.0,1.74,1.0,43.16625335,43.2117205,35.011438500000004,34.9345195
EOSUSDT,1620777600000,1621468800000,79.8765,0.08322748736500005,0.13338304485000002,-0.258602299999985,-0.30875785748498497,signal,24.0,23.0,5.5,1.0,14.5012155,14.538174600000001,5.6915245,5.681465000000001
LUNAUSDT,1620777600000,1621468800000,79.88304,-0.11259877907909993,0.15140629737,-0.12420600000000304,-0.38821107644910297,signal,24.0,23.0,4.89,1.0,16.311495999999998,16.332462,9.480199,9.475765
XRPUSDT,1620518400000,1621555200000,79.89996000000001,0.9082371485677,0.16817879670900002,-0.32850657000001626,0.4115517818586837,signal,36.0,35.0,51.1,1.0,1.5612546000000003,1.5634416500000001,1.1826713500000001,1.1784297
DOTUSDT,1621209600000,1622851200000,76.4388,0.2883294,0.14565259188000002,-0.25971120000000636,-0.11703439188000636,signal,57.0,50.0,1.8,1.0,42.402301,42.489639000000004,25.0104595,24.9535135
HOTUSDT,1628294400000,1628726400000,91.89012,0.29336161113756,0.2793272718159,-1.5573390420000255,-1.5433047026783653,watchdog,12.0,12.0,11676.0,1.0,0.007858195,0.007866782499999999,0.012150432000000001,0.01202564
1000SHIBUSDT,1627862400000,1629158400000,91.869712,2.99747726720112,0.2730791671245,-1.3964909859999821,1.3279071140766376,watchdog,42.0,42.0,14564.0,1000.0,0.006298538,6.30945e-06,0.0093729895,9.288015000000001e-06
LINAUSDT,1628380800000,1629417600000,91.88391,1.2615039498582,0.27678910503750004,-1.6883693799999775,-0.7036545351792776,watchdog,33.0,33.0,2027.0,1.0,0.04526200500000001,0.045367950000000004,0.068918745,0.06819175000000001
ALICEUSDT,1627862400000,1629590400000,90.90360000000001,2.0921830749200003,0.27209499879,-1.4764831599999964,0.3436049161300039,watchdog,57.0,57.0,7.6000000000000005,1.0,11.943058500000001,11.9813451,17.9654825,17.809495000000002
RUNEUSDT,1628380800000,1629590400000,90.768,0.9280937678400001,0.2740811022,-1.4400719999999867,-0.7860593343599867,watchdog,39.0,39.0,12.0,1.0,7.552654,7.5743445000000005,11.528646499999999,11.430331
GTCUSDT,1628726400000,1630195200000,91.10640000000001,1.404543604272,0.271675895085,-1.2174668999999447,-0.08459919081294465,watchdog,48.0,47.0,10.200000000000001,1.0,8.918602000000002,8.923365,13.345787,13.2311905
SANDUSDT,1628294400000,1630281600000,91.72512,2.4010542037152,0.275463993672,-1.4450371199999577,0.6805530900432424,watchdog,66.0,66.0,144.0,1.0,0.63602453,0.637404675,0.9626424849999999,0.9539876500000001
IOTAUSDT,1629417600000,1630627200000,91.9938,1.5709861724489997,0.27125451447750004,-1.4912452500000248,-0.19151359202852514,watchdog,39.0,39.0,87.0,1.0,1.0558139,1.0610892500000002,1.5465282,1.5346628000000002
MATICUSDT,1628380800000,1630886400000,91.78908000000001,4.0030363388502,0.27133978395825004,-1.65666438300001,2.07503217189194,watchdog,84.0,84.0,78.60000000000001,1.0,1.1660483,1.168219705,1.72121075,1.702305
1000SHIBUSDT,1629158400000,1631059200000,92.176448,2.478322593292,0.1846117338156,-0.47172143199999594,1.821989427476404,signal,66.0,65.0,10192.0,1000.0,0.009030434,9.05356e-06,0.0060640825,6.040925e-06
CHZUSDT,1629590400000,1631059200000,91.8264,2.0027525999519997,0.2088263313,-0.586904399999983,1.2070218686520167,signal,51.0,50.0,240.0,1.0,0.382036085,0.383043705,0.34332421500000004,0.3418864
UNFIUSDT,1628380800000,1631145600000,91.53,3.7715111263979995,0.20959101742500003,-0.32962950000000796,3.2322906089729915,signal,96.0,95.0,8.1,1.0,11.283050000000001,11.294917000000002,10.2904125,10.2615845
BTTUSDT,1630627200000,1631145600000,96.57244,0.92295413728135,0.216626323783875,-0.35713562250001996,0.349192190997455,signal,18.0,17.0,20495.0,1.0,0.004704932,0.0047120575,0.0041051485,0.0040948485
ATAUSDT,1630886400000,1631145600000,96.04320000000001,0.023580741479999976,0.20040421950000004,-0.2426648000000295,-0.4194882780200295,signal,9.0,8.0,68.0,1.0,1.4102814000000001,1.4110133500000002,1.0469681000000002,1.04413145
BZRXUSDT,1628294400000,1631232000000,91.665,4.663631358891,0.21707230117499998,-0.3681441000000176,4.0784149577159825,signal,102.0,101.0,291.0,1.0,0.3145275,0.31487160000000003,0.3074605,0.3065395
DOGEUSDT,1628380800000,1631232000000,91.6825,4.411809852834999,0.21607153995000003,-0.5682145000000182,3.6275238128849807,signal,99.0,98.0,350.0,1.0,0.261557075,0.26223276,0.25306903500000005,0.25212125
RLCUSDT,1629590400000,1631232000000,91.75308000000001,1.9032172731480004,0.21025890987300003,-0.4094188200000183,1.283539543274982,signal,57.0,56.0,20.400000000000002,1.0,4.49095345,4.4976363500000005,4.10224415,4.0888575
BATUSDT,1631059200000,1632096000000,96.45960000000001,0.19467916696799997,0.22580071617000003,-0.70089139999996,-0.73201294920196,signal,36.0,34.0,124.0,1.0,0.7767331500000001,0.77966775,0.7406092500000001,0.7378915
CRVUSDT,1632096000000,1632528000000,96.672,-0.0010303762859999975,0.208720186425,-0.5534948999999875,-0.7632454627109875,signal,15.0,9.0,31.8,1.0,3.0354400000000004,3.048566,2.4286375,2.4243580000000002
ZRXUSDT,1631059200000,1632700800000,96.5865,0.37573811,0.217696752675,-0.4682360000000292,-0.31019464267502916,signal,57.0,51.0,95.0,1.0,1.01517495,1.0177243,0.8943395000000001,0.89196005
FTMUSDT,1631145600000,1633737600000,95.27712,0.8484346828242,0.28890392112450003,-1.5047705700000056,-0.9452398083003057,watchdog,87.0,86.0,61.0,1.0,1.5595771200000001,1.5639424000000002,2.39715889,2.3768558
IOTAUSDT,1632787200000,1633910400000,96.20299999999999,0.6235489998950001,0.2593639928625,-0.4183912500000597,-0.054206242967559604,signal,39.0,33.0,85.0,1.0,1.1301023,1.1407085000000001,1.4025006000000002,1.40818455
GALAUSDT,1633392000000,1637193600000,100.83176999999999,4.2209174660172,0.298274958189,-1.6330871699999652,2.2895553378282347,watchdog,129.0,129.0,897.0,1.0,0.112241385,0.11260866,0.16554159999999998,0.164088265
ALGOUSDT,1631145600000,1637280000000,95.88499999999999,5.3194512303499994,0.225953130375,-0.4299224999999931,4.663575599975006,signal,213.0,212.0,50.0,1.0,1.91482345,1.9180728,1.8523744,1.8470253000000003
LUNAUSDT,1631836800000,1638316800000,96.7371,6.668617071316801,0.2905829119125,-1.6395835499999778,4.738450609404323,watchdog,222.0,220.0,2.58,1.0,37.4387575,37.49616,56.744205,56.16611
XRPUSDT,1630195200000,1638662400000,92.3496,6.657289879943499,0.19238124436124998,-0.3441093249999843,6.120799310582265,signal,294.0,292.0,80.5,1.0,1.1454792,1.1475187,0.84616735,0.8439322
XLMUSDT,1630281600000,1638662400000,92.058,7.0099706437328,0.203369857737,-0.43606145999997814,6.370539325995822,signal,291.0,287.0,268.0,1.0,0.34298475000000006,0.34381495,0.289363395,0.2885665
1000XECUSDT,1633737600000,1638662400000,100.88333999999999,5.6816252149630015,0.18753080062500002,-0.22365402000003856,5.270440394337963,signal,171.0,168.0,454.0,1000.0,0.221876685,0.000222162745,0.12229316500000001,0.00012208659500000002
ONEUSDT,1633910400000,1638662400000,100.9225,5.1494746593835,0.21649131461249999,-0.46216579999999136,4.470817544771009,signal,165.0,163.0,395.0,1.0,0.25511675,0.255913295,0.201351575,0.20097808
1000SHIBUSDT,1637625600000,1638748800000,106.70352000000001,0.8416589066054401,0.23502887100000003,-0.3658300799999922,0.24079995560544787,signal,39.0,38.0,2464.0,1000.0,0.043240042500000006,4.330486e-05,0.036259307500000004,3.6175655e-05
GALAUSDT,1638403200000,1639353600000,110.41983,0.20111974509419997,0.253789185393,-0.4463835300000233,-0.49905297029882334,signal,33.0,28.0,171.0,1.0,0.644761405,0.6459875300000001,0.59212686,0.5907425550000001
NEARUSDT,1637193600000,1639612800000,103.6134,1.095986638076,0.27729669396,-1.4018619999999768,-0.5831720558839768,watchdog,81.0,81.0,11.0,1.0,9.4052709,9.4311255,11.6493874,11.5478
HBARUSDT,1631836800000,1639872000000,96.76198,4.456167219594302,0.19117791762300002,-0.29919358000004465,3.965795721971257,signal,279.0,271.0,203.0,1.0,0.47594501,0.47741505000000006,0.30794122,0.30793740000000003
SOLUSDT,1631318400000,1642982400000,95.28446000000001,5.909933590138007,0.17770351987950003,-0.30537169000000164,5.426858380258505,signal,405.0,397.0,0.53,1.0,179.51232700000003,179.8694,99.80949,99.59039
BCHUSDT,1631145600000,1643760000000,96.75566,4.3988750823705995,0.16655661552899997,-0.413399000000002,3.8189194668415976,signal,438.0,432.0,0.146,1.0,661.7159350000001,663.7942,288.121535,287.36830000000003
1000BTTCUSDT,1648598400000,1649462400000,122.82146510399998,0.33076997562387894,0.283621597315749,-0.4175988133320292,-0.37045043502389924,signal,30.0,25.0,58319.784,1000.0,0.002102841,2.10315e-06,0.0019539265,1.947075e-06
TRBUSDT,1660176000000,1661990400000,139.536,0.6818649973199997,0.24944156010000001,-0.37153800000001097,0.060885437219988736,signal,63.0,58.0,3.6,1.0,38.70186,38.77808,19.008470000000003,18.981485000000003
OPUSDT,1673827200000,1675296000000,162.43821,1.1983302735723005,0.48996769944375007,-2.623242105000034,-1.9148795308714834,watchdog,48.0,48.0,89.10000000000001,1.0,1.82036535,1.8227300000000002,2.7776434,2.7505665
1000SHIBUSDT,1673740800000,1675555200000,162.744241,1.9759711195130498,0.48740858081025,-2.5562288179999832,-1.0676662792971834,watchdog,60.0,60.0,15653.0,1000.0,0.0103814045,1.0405585000000001e-05,0.0156390605,1.5499935e-05
SANDUSDT,1673827200000,1676246400000,161.952,1.4565065049920003,0.38313221688000004,-0.44263520000001216,0.6307390881119881,signal,84.0,79.0,224.0,1.0,0.7219155,0.7228827,0.7034536,0.7024447500000001
FILUSDT,1673740800000,1676678400000,162.2992,2.2859166004810016,0.48458155570500006,-2.461987199999959,-0.6606521552239575,watchdog,99.0,99.0,33.7,1.0,4.808776,4.8122075,7.215323499999999,7.1456990000000005
LDOUSDT,1673827200000,1676764800000,162.206,1.8402724897969998,0.48373214666250003,-2.693572249999964,-1.3370319068654644,watchdog,99.0,94.0,73.0,1.0,2.218667,2.2243315000000004,3.31937025,3.2881365000000002
CHZUSDT,1673827200000,1678492800000,162.5065,2.8301784924,0.34647356141249996,-0.5557087500000027,1.9279961809874973,signal,162.0,149.0,1150.0,1.0,0.141098035,0.14131165,0.11000476,0.10973515
HOOKUSDT,1675296000000,1678579200000,166.7388,1.9166084499600002,0.29221093210500004,-0.6664755000000825,0.9579220178549177,signal,114.0,110.0,49.2,1.0,3.3839164999999998,3.3931821500000003,1.56234,1.5580594
FILUSDT,1676764800000,1678924800000,166.3246,0.9001296103019998,0.3479847540975,-0.8921217499999685,-0.3399768937954688,signal,75.0,71.0,22.1,1.0,7.514711,7.53128,5.6114045,5.587606
FLOWUSDT,1673740800000,1679443200000,162.6849,3.7036568971230026,0.39727111878000004,-0.9931842000000843,2.3132015783429183,signal,198.0,183.0,158.10000000000002,1.0,1.0274565,1.0305435,1.0665975,1.0634025
MAGICUSDT,1675555200000,1679961600000,166.725,2.1407165282969998,0.33404768411625,-0.5187498749999475,1.2879189691808022,signal,153.0,142.0,85.5,1.0,1.9470750000000001,1.9504212500000002,1.3083596000000002,1.3056386000000002
RDNTUSDT,1681516800000,1682121600000,175.12199999999999,0.484610241447,0.40917379344750004,-0.6421774499999705,-0.5667410020004706,signal,21.0,17.0,423.0,1.0,0.413379,0.41432055,0.39248785,0.39191125000000004
HIGHUSDT,1676851200000,1682208000000,166.8,1.9024476744,0.31227498360000006,-0.44469600000001286,1.1454766907999872,signal,186.0,181.0,48.0,1.0,3.4697875000000002,3.4742035000000002,1.9519235000000001,1.9470750000000001
CKBUSDT,1681603200000,1682726400000,175.445872,0.6577091477241599,0.3989043469992,-0.7668601919999558,-0.5080553912749959,signal,39.0,36.0,38416.0,1.0,0.0045601495,0.00456684,0.0040971365,0.004083865
DOGEUSDT,1673740800000,1683590400000,162.69579000000002,4.911414645185999,0.3569762066625001,-0.706095630000016,3.8483428085234825,signal,342.0,319.0,1863.0,1.0,0.08719900500000001,0.087420935,0.072438495,0.072281415
ARBUSDT,1681603200000,1683676800000,175.4088,0.8630341074120002,0.350667180435,-0.63284650000001,-0.12047957302300982,signal,72.0,63.0,106.0,1.0,1.6523178,1.6555796500000002,1.10415375,1.10144535
KLAYUSDT,1676851200000,1684195200000,166.90734,2.9702748458197004,0.30412692829950005,-0.5553844300000281,2.110763487520172,signal,255.0,244.0,512.3000000000001,1.0,0.32531129999999997,0.3258881,0.16935365000000002,0.16884635
TRUUSDT,1681603200000,1686441600000,175.41472,2.0639664889847995,0.29825892135,-0.6322559600000068,1.1334516076347927,signal,168.0,159.0,2264.0,1.0,0.07736378,0.07761625,0.03227834500000001,0.032251550000000004
RUNEUSDT,1673827200000,1686528000000,161.184,5.6777840949199945,0.29480211359999997,-0.36891999999998804,5.0140619813200065,signal,441.0,424.0,92.0,1.0,1.7493720000000001,1.752625,0.9193770000000001,0.9186200000000001
1000PEPEUSDT,1685923200000,1686528000000,183.7215936,0.182864528953714,0.38168140486282504,0.009576250700029265,-0.18924062520908178,signal,21.0,16.0,148354.0,1000.0,0.0012365424000000001,1.2318450000000002e-06,0.00091326785,9.08635e-07
ETHUSDT,1673740800000,1686960000000,161.22808,5.266891153887998,0.40780477420800004,-0.9196823999999313,3.9394039796800664,signal,459.0,416.0,0.10400000000000001,1.0,1547.9445950000002,1552.2348650000001,1719.885965,1715.333135
IDUSDT,1681603200000,1690329600000,175.0878,2.3949304538780005,0.272204106405,-0.47787069000004473,1.6448556574729558,signal,303.0,278.0,211.0,1.0,0.8285553,0.830193425,0.24586825,0.245241585
LOOMUSDT,1698364800000,1698624000000,199.5722,-0.02415808803999997,0.5127260505675001,-0.7386163499999664,-1.2755004886074666,signal,18.0,15.0,1811.0,1.0,0.11003470000000001,0.11016500000000001,0.1259887,0.12571115000000002
ARKUSDT,1698451200000,1698710400000,199.2375,0.667658402625,0.60392896875,-3.86242500000007,-3.7986955661250703,watchdog,6.0,6.0,375.0,1.0,0.53050305,0.5318966500000001,0.8162567,0.8073505000000001
ARKUSDT,1698710400000,1699142400000,198.3716,1.070576152856,0.5885832643425,-3.5326567500000046,-3.0506638614865045,watchdog,12.0,12.0,203.0,1.0,0.9757342,0.97736385,1.4492926,1.4335200000000001
HIFIUSDT,1698710400000,1699574400000,198.9177,1.363545338601,0.5799032479425,-3.4230457499999396,-2.63940365934144,watchdog,54.0,54.0,293.0,1.0,0.67788165,0.6792173,0.97707715,0.96673005
YGGUSDT,1698710400000,1699747200000,199.08399999999997,1.3383762160400001,0.6003957788250001,-3.241256499999995,-2.5032760627849946,watchdog,66.0,66.0,710.0,1.0,0.2799794,0.28042000000000006,0.42701294999999995,0.42288840000000005
TOMOUSDT,1698537600000,1700006400000,199.39334,1.5010184830671003,0.41486191578075005,0.22755511499996128,1.3137116822863115,unavailable,51.0,48.0,113.9,1.0,1.7479741,1.7519239500000001,1.2811188,1.2870665
ARKUSDT,1699142400000,1700956800000,203.17460000000003,2.191707642610999,0.48358684937250007,-0.38331775000000345,1.3248030432384956,signal,63.0,59.0,127.0,1.0,1.5974003,1.6004971500000003,1.5737571,1.5738357
MDTUSDT,1701043200000,1701216000000,204.3428,0.1619145155986,0.597194418591,-3.5984254799999054,-4.033705382992306,watchdog,3.0,3.0,2846.0,1.0,0.0716923,0.071817565,0.10380502999999999,0.10266591500000001
MDTUSDT,1701216000000,1701302400000,204.28254,-0.2814287856296,0.40232247928950005,-0.7629339900000452,-1.4466852549191453,signal,3.0,1.0,2023.0,1.0,0.10082853,0.10109141,0.06480706500000001,0.064692815
STXUSDT,1698537600000,1701734400000,199.39360000000002,3.2950607864799997,0.6064525738800001,-3.2642759999999442,-0.5756677873999445,watchdog,108.0,108.0,304.0,1.0,0.65491615,0.6561828000000001,1.01263645,1.0031653500000002
STMXUSDT,1698364800000,1702166400000,199.63944,7.903700329189601,0.60136433526,-2.5638831919999077,4.738452801929693,watchdog,258.0,258.0,28808.0,1.0,0.0069196050000000005,0.0069474055,0.010497024999999998,0.0104358265
1000PEPEUSDT,1698624000000,1702166400000,199.4558104,7.259013420195721,0.6032714416312801,-2.3274248695999216,4.328317108964519,watchdog,120.0,120.0,173848.0,1000.0,0.00114557905,1.14171e-06,0.00175938175,1.742125e-06
POWRUSDT,1701302400000,1702425600000,203.88899999999998,3.61558898862,0.6088456639125,-3.126579749999924,-0.11983642529242378,watchdog,72.0,72.0,735.0,1.0,0.2769839,0.27731535,0.41556165,0.41163925
BLZUSDT,1698278400000,1702857600000,199.50103,8.575938968092702,0.5980431059625,-3.4974341400000135,4.480461722130189,watchdog,312.0,312.0,857.0,1.0,0.23244081500000002,0.23294890000000001,0.351002435,0.3474295
STRAXUSDT,1699574400000,1703030400000,203.26039999999998,8.542607907597999,0.6066066691800001,-3.4247866000000573,4.5112146384179415,watchdog,234.0,232.0,229.0,1.0,0.8862686,0.8883305,1.327949,1.3150555
LPTUSDT,1698364800000,1703116800000,199.3328,8.083428033676002,0.59689862046,-3.3460291999999425,4.140500213216059,watchdog,324.0,324.0,31.6,1.0,6.298538,6.319465,9.482479999999999,9.39752
TRBUSDT,1702425600000,1703116800000,198.1818,2.226923392842,0.59664373659,-6.2223155999999555,-4.592035943747955,watchdog,42.0,42.0,1.8,1.0,109.9358485,110.20506000000002,168.1121155,164.924485
TRBUSDT,1703116800000,1703635200000,206.17759999999998,1.495103638336,0.6079734885600001,-3.4544096000000115,-2.5672794502240115,watchdog,30.0,27.0,1.6,1.0,128.6677085,128.91308,189.0278145,187.11418
CYBERUSDT,1698624000000,1704326400000,199.0449,12.49686868587,0.5954109996150001,-3.6011856000000204,8.30027208625498,watchdog,390.0,390.0,32.7,1.0,6.0778695,6.095129000000001,9.142959,9.0500905
POWRUSDT,1703030400000,1704326400000,208.8892,5.380469987112001,0.6437026370850001,-3.635822299999943,1.1009450500270574,watchdog,84.0,84.0,578.0,1.0,0.3608579,0.36164165,0.5701541999999999,0.5646476
STPTUSDT,1699747200000,1704412800000,203.57064,5.547398368325998,0.4621385040120001,-0.4671111600000475,4.618148704313951,signal,324.0,318.0,2868.0,1.0,0.07087353,0.070916215,0.06345504,0.06333485500000001
WAXPUSDT,1702166400000,1704499200000,208.67043999999999,4.6941400521516,0.47069410284,-1.176640920000025,3.0468050293115754,signal,162.0,155.0,2932.0,1.0,0.071063245,0.0713068,0.062663855,0.06250610000000001
POWRUSDT,1704412800000,1704585600000,213.4593,0.10612421689999998,0.62400986037,-3.4032192000000183,-3.9211048434700184,watchdog,6.0,6.0,361.0,1.0,0.5904130500000001,0.59138575,0.85472905,0.84627455
POLYXUSDT,1702166400000,1704585600000,208.623,6.672742208420001,0.5118457816875001,-0.9841627500000506,5.17673367673245,signal,168.0,164.0,985.0,1.0,0.2114823,0.21191740000000003,0.22163195000000002,0.2210679
TUSDT,1704499200000,1705363200000,213.856,0.59560025632,0.53827767744,-1.0833184000000173,-1.0259958211200173,signal,30.0,28.0,6560.0,1.0,0.0325511,0.03262887,0.03583367,0.0357463
ZRXUSDT,1700006400000,1706486400000,203.5248,5.797334221145,0.40669487868000004,-0.7832904000000125,4.607348942464988,signal,225.0,221.0,389.0,1.0,0.5224152000000001,0.5235842,0.34862215,0.34777755
AIUSDT,1706918400000,1707955200000,217.95666,1.9669971285497998,0.6500540271105001,-4.030031309999983,-2.713088208560684,watchdog,66.0,66.0,186.0,1.0,1.1700522850000001,1.17367788,1.75138593,1.73334469
ALTUSDT,1707782400000,1708473600000,218.11853,2.8301810598298998,0.65090141026575,-3.757253815000023,-1.5779741654358732,watchdog,42.0,42.0,623.0,1.0,0.349584835,0.35039480500000003,0.52382666,0.518605725
1000PEPEUSDT,1708473600000,1708992000000,219.08008320000002,1.5909097241213441,0.66638737674432,-1.8545699391999952,-0.9300475918229711,watchdog,15.0,15.0,183392.0,1000.0,0.0011928081,1.1917850000000002e-06,0.0018428557,1.83172e-06
ACEUSDT,1704326400000,1709164800000,213.72672,8.2732436477696,0.6402973488000001,-3.9561126400000193,3.6768336589695814,watchdog,330.0,330.0,25.6,1.0,8.336176949999999,8.3567163,12.5777463,12.443750000000001
1000BONKUSDT,1703635200000,1709251200000,209.298024,9.51340501884888,0.62177694154695,-3.6828596430000338,5.208768434301897,watchdog,384.0,380.0,12942.0,1000.0,0.016147742,1.6184240000000003e-05,0.0240206085,2.377254e-05
1000PEPEUSDT,1709164800000,1709424000000,220.0033542,1.731523249442385,0.650795871732615,-3.193769067299908,-2.113041689590138,watchdog,6.0,6.0,69153.0,1000.0,0.0031766279000000003,3.1747550000000003e-06,0.004697041999999999,4.6489850000000005e-06
POLYXUSDT,1705622400000,1709596800000,213.7248,11.070073291468798,0.636642936336,-3.521919679999985,6.9115106751328135,watchdog,270.0,270.0,1312.0,1.0,0.16265564999999998,0.1630442,0.24290819,0.24061235
1000BONKUSDT,1709251200000,1709596800000,224.155795,2.4672093904632,0.6701753390407499,-4.294219770000016,-2.4971857185775654,watchdog,18.0,18.0,10135.0,1000.0,0.0220838245,2.2123135e-05,0.033235891499999996,3.28515e-05
1000PEPEUSDT,1709424000000,1709596800000,224.57826599999999,0.9686549422718941,0.6756240304738576,-4.127538724349945,-3.834507812551908,watchdog,3.0,3.0,51297.0,1000.0,0.004371433,4.386570000000001e-06,0.006635626549999999,6.5703000000000004e-06
JUPUSDT,1707436800000,1709856000000,217.7273,11.380375730892,0.6492768131325001,-4.121468050000006,6.609630867759494,watchdog,162.0,162.0,427.0,1.0,0.5091351500000001,0.5106648500000001,0.76211415,0.7539917
FLMUSDT,1701734400000,1710028800000,208.2096,22.915690001001007,0.61766494227,-3.386830499999956,18.91119455873105,watchdog,570.0,570.0,2283.0,1.0,0.09106320000000001,0.09123665,0.13510525,0.1337952
PIXELUSDT,1708992000000,1710028800000,219.71949999999998,6.53683234666,0.6658786740375,-3.48854274999998,2.38241092262252,watchdog,66.0,66.0,385.0,1.0,0.56984395,0.57015395,0.8767275999999999,0.86797645
WIFUSDT,1709856000000,1710374400000,225.07530000000003,5.1228403186065,0.67702005008775,-3.560134154999927,0.8856861135188234,watchdog,30.0,30.0,131.70000000000002,1.0,1.7064365000000001,1.7091599,2.5909068499999997,2.5665980999999998
STRAXUSDT,1709596800000,1710547200000,223.4305,7.701238513749999,0.5172162343125,2.8407022500000356,10.024724529437535,unavailable,66.0,66.0,145.0,1.0,1.5385886500000001,1.540307,1.4195261000000001,1.4408355000000002
WIFUSDT,1710374400000,1711670400000,226.07942000000003,6.7579415553692,0.6609797076015,-4.262736729999956,1.834225117767744,watchdog,84.0,84.0,85.4,1.0,2.64332905,2.6489675000000004,3.83066075,3.7863842500000002
JTOUSDT,1702857600000,1711929600000,208.50060000000002,23.883753704887997,0.623840054145,-3.5085049999999347,19.751408650743063,watchdog,624.0,623.0,77.0,1.0,2.7037383000000004,2.70895735,4.06973175,4.0293858
ETHFIUSDT,1711929600000,1712620800000,232.1345,0.533702190815,0.5508408975000001,-0.6670449999999684,-0.6841837066849684,signal,48.0,42.0,35.5,1.0,6.5291915000000005,6.5407965,6.398583500000001,6.3913985
PIXELUSDT,1710028800000,1713139200000,224.64,7.354515560340001,0.41015995995000004,-0.47942700000000876,6.464928600389992,signal,216.0,212.0,260.0,1.0,0.862704,0.8634933,0.45207710000000007,0.45102245
1000BONKUSDT,1709596800000,1713744000000,224.64442,9.18165782354314,0.41818448623185,-0.7061116529999807,8.05736168431131,signal,288.0,280.0,5954.0,1000.0,0.037673405,3.7726505e-05,0.0208642495,2.0798755e-05
GLMUSDT,1709596800000,1714262400000,224.34089999999998,-6.189199146374003,0.46857386698500003,-0.8342435000000389,-7.492016513359042,signal,324.0,307.0,337.0,1.0,0.66470145,0.66669855,0.49303845,0.49256005
POWRUSDT,1710547200000,1714262400000,226.84799999999998,-0.17830575228799983,0.47511737088000006,-1.0789696000000073,-1.7323927231680072,signal,258.0,248.0,544.0,1.0,0.4163745,0.41742520000000005,0.31136635,0.31043365
UNFIUSDT,1703116800000,1714348800000,207.9439,28.363297399926992,0.37142547809250004,-0.5684178499999791,27.423454071834513,signal,780.0,768.0,27.700000000000003,1.0,7.4957395,7.5082455,3.6755050000000002,3.6674905000000004
MDTUSDT,1715817600000,1715904000000,236.25375,0.5745407089335,0.5540005739137501,-20.330679975000013,-20.310139839980263,unavailable,3.0,3.0,3765.0,1.0,0.062655875,0.062603765,0.06340496500000001,0.05795294
1000PEPEUSDT,1710028800000,1716336000000,225.325094,10.99871605625907,0.6845786892186001,-3.991341019999933,6.322796347040537,watchdog,216.0,197.0,25681.0,1000.0,0.008760839000000001,8.783155000000001e-06,0.013522579,1.3389475000000001e-05
NOTUSDT,1716940800000,1717200000000,235.160267,-0.06826079767005996,0.638436451706025,-1.6217760745000076,-2.3284733238760924,signal,18.0,16.0,25453.0,1.0,0.0092251415,0.0092448465,0.0116925125,0.011648501
ORDIUSDT,1704326400000,1718928000000,211.83680000000004,23.609420214352014,0.38845782591000005,-0.7778526000000123,22.443109788442,signal,1014.0,984.0,2.8000000000000003,1.0,75.542516,75.725418,40.0149325,39.92003
BNXUSDT,1716508800000,1719705600000,234.94868000000002,2.2037183830108003,0.4260447014790001,-0.4532301799999774,1.3244435015318228,signal,111.0,108.0,174.8,1.0,1.34208385,1.3440130000000001,0.6882308,0.6875671
WLDUSDT,1716940800000,1719878400000,233.535,2.1842560731000007,0.4168991085,-0.8621850000000011,0.9051719645999996,signal,102.0,93.0,50.0,1.0,4.663693950000001,4.6740005,2.28251865,2.2755815
AEVOUSDT,1716940800000,1720224000000,235.12325,2.551669488282499,0.39029738821875004,-0.8468016250000171,1.3145704750637317,signal,228.0,218.0,257.5,1.0,0.91173035,0.9143695000000001,0.35012440000000006,0.349475
WUSDT,1716508800000,1720310400000,235.03874000000002,3.4997886862558003,0.42959206336800004,-0.7361901399999394,2.334006482887861,signal,264.0,242.0,422.20000000000005,1.0,0.55586495,0.556834,0.29193725,0.29116260000000005
REZUSDT,1716422400000,1720656000000,234.98440000000002,3.295780966048198,0.429825757662,-0.9255629599999811,1.940392248386217,signal,294.0,271.0,1862.0,1.0,0.1260107,0.12628915,0.06631933000000001,0.0661007
BONDUSDT,1721520000000,1721692800000,243.85440000000003,0.8166482146880001,0.6765143660400001,71.86343919999995,72.00357304864795,unavailable,12.0,12.0,161.60000000000002,1.0,1.5067365,1.506256,1.704553,2.148772
AIUSDT,1707955200000,1722902400000,217.50847,23.47487892205231,0.30795290210474996,-0.6034128550000111,22.563513164947548,signal,1038.0,993.0,131.0,1.0,1.657879445,1.661198065,0.299839085,0.2985515
WIFUSDT,1711670400000,1723161600000,227.78934,10.204476192507599,0.41210684064900005,-0.5697187799999763,9.222650571858622,signal,798.0,742.0,60.6,1.0,3.7532616500000002,3.75772815,1.9140668,1.909132
BOMEUSDT,1712620800000,1723852800000,232.772547,6.349061473777191,0.40520638932180003,-0.9479196610000618,4.995935423455329,signal,780.0,703.0,16229.0,1.0,0.0143214855,0.014365516000000002,0.0064666855,0.006452307
MATICUSDT,1725408000000,1725494400000,255.63540000000003,1.4251301182998002,0.6015649518315,-3.4316162100000214,-2.608051043531721,unavailable,3.0,3.0,642.3000000000001,1.0,0.39740300000000006,0.3983967,0.38517690000000004,0.38082790000000005
TAOUSDT,1717286400000,1727049600000,239.11038000000002,5.204762848934998,0.6351543295155,-1.322201729999905,3.2474067894195935,signal,678.0,615.0,0.618,1.0,386.32963500000005,387.28005,470.28437,469.0953
ZILUSDT,1731283200000,1732406400000,263.42416000000003,1.1668227289550999,0.7954271740694999,-4.71555327999984,-4.344157725114241,watchdog,36.0,36.0,16301.0,1.0,0.016135760000000002,0.016174225,0.024660474999999998,0.02440966
XAIUSDT,1731283200000,1732752000000,263.3625,2.985770487375,0.7898916740624999,-4.235681250000044,-2.0398024366875442,watchdog,96.0,96.0,1125.0,1.0,0.23374885,0.23425085,0.35308174999999997,0.3498187
COTIUSDT,1731283200000,1733011200000,263.3994,3.268218138396,0.791702366445,-4.7626747999999655,-2.286159028048965,watchdog,57.0,57.0,2510.0,1.0,0.10478259000000001,0.105087395,0.15887172,0.157279045
AEVOUSDT,1731283200000,1733270400000,263.40355,4.847972098398301,0.7855206851092501,-4.243240735000026,-0.18078932171097595,watchdog,132.0,132.0,718.7,1.0,0.36595025000000003,0.36674930000000006,0.54755295,0.5424479500000001
TRUUSDT,1731283200000,1733270400000,263.38275,4.0658814556245,0.79341555830625,-4.786387874999961,-1.5139219776817106,watchdog,66.0,66.0,2745.0,1.0,0.095806075,0.09604385,0.1458534,0.1443475
REZUSDT,1731283200000,1733529600000,263.40930000000003,5.1820744834650005,0.7913169361845,-4.478077559999918,-0.08732001271941758,watchdog,150.0,150.0,5973.0,1.0,0.04403385,0.044136105,0.06670884499999999,0.06606138
1MBABYDOGEUSDT,1731283200000,1733616000000,263.4243264,6.052873283424576,0.778655650788,-3.801313481599987,1.4729041510365892,watchdog,156.0,156.0,94144.0,1.0,0.00279390285,0.0028007949000000004,0.00411513515,0.00408164955
VIDTUSDT,1733270400000,1733875200000,267.89165,1.5803988663414998,0.5959354235362501,-2.1075060249999322,-1.1230425821946823,signal,42.0,37.0,5615.0,1.0,0.04763843500000001,0.047821625000000006,0.040811125000000004,0.040618980000000006
FIOUSDT,1733270400000,1733961600000,267.90164,3.1509974513520005,0.6395321224380002,-1.1689472000000745,1.3425181289139259,signal,48.0,39.0,5372.0,1.0,0.049795195,0.04993479000000001,0.04937395,0.049295945
POLYXUSDT,1733011200000,1734912000000,267.77632,3.695942664251601,0.5483688875880001,-1.010942799999865,2.136630976663736,signal,132.0,125.0,692.0,1.0,0.38637956000000007,0.3873802,0.27364986,0.27318960000000003
TROYUSDT,1731110400000,1735862400000,263.48025,7.96696917636675,0.785432488401,-3.9270160049999845,3.254520682965766,watchdog,324.0,324.0,48345.0,1.0,0.005441825,0.005453167500000001,0.008133436499999999,0.00806355
FTMUSDT,1736035200000,1736208000000,272.576,1.45342048384,0.6252555744,2.1500799999999454,2.9782449094399452,unavailable,6.0,6.0,320.0,1.0,0.8505223000000001,0.8522765,0.7713553000000001,0.7798285
FIOUSDT,1734480000000,1736467200000,268.60775,8.745448388344702,0.5632392125295,-2.1874413099998646,5.994767865815337,signal,138.0,123.0,5567.0,1.0,0.048177625,0.048382465,0.036124105,0.035936015
SYSUSDT,1733616000000,1736812800000,268.22745,2.2371216847725,0.51273746247375,-0.8647751250000524,0.8596090972986978,signal,222.0,211.0,1545.0,1.0,0.173349585,0.17355995000000002,0.10329471,0.10294535
TRBUSDT,1732752000000,1738540800000,260.8128,7.621778681603999,0.47724005547000004,-1.0093949999999465,6.135143626134052,signal,402.0,389.0,3.6,1.0,72.339328,72.518615,38.0840405,37.98294
TAOUSDT,1731283200000,1738627200000,263.3833,11.147740551177998,0.5411375433675001,-1.0848610500001261,9.521741957810372,signal,510.0,496.0,0.47000000000000003,1.0,559.5494150000001,560.94015,399.61853,398.70105
1MBABYDOGEUSDT,1733875200000,1738972800000,268.46058689999995,2.512040296258098,0.413289171224265,-1.1269639058999832,0.9717872191338497,signal,354.0,332.0,52249.0,1.0,0.00513039285,0.00514901195,0.00145147395,0.00144852395
PNUTUSDT,1732406400000,1739318400000,263.63088,8.273407106428,0.36218555385900003,-0.7235252600000093,7.18769629256899,signal,480.0,467.0,236.0,1.0,1.1154043800000002,1.11817475,0.161952565,0.16165715
FLMUSDT,1733529600000,1739750400000,268.24469999999997,4.035596046376001,0.4478060304,-0.612732700000026,2.975057315975975,signal,432.0,417.0,2533.0,1.0,0.10574115,0.10595870000000002,0.0414621,0.04143775
NEIROUSDT,1731196800000,1739923200000,263.440356,7.606335358571101,0.3555659651000625,-0.4519069531498516,6.798862440321187,signal,606.0,575.0,101370.0,1.0,0.0025949018000000004,0.002598501915,0.00032638885,0.00032553097
BNXUSDT,1741564800000,1742169600000,281.40312000000006,2.8482122739920004,0.80497383057,-4.991067560000054,-2.947829116578053,watchdog,36.0,32.0,277.6,1.0,1.01217945,1.01522055,1.4117243,1.39678605
BNXUSDT,1742169600000,1742256000000,281.27165,13.854515891086198,0.8075270823675,-3.989194000000026,9.057794808718672,unavailable,6.0,6.0,196.9,1.0,1.4263572500000001,1.4271375000000002,2.003,1.98352025
BANANAS31USDT,1752105600000,1752192000000,298.11564,0.0,0.878514792462,-4.9255922400000705,-5.8041070324620705,watchdog,0.0,0.0,12120.0,1.0,0.024560104500000002,0.024622879,0.036019361,0.0356757335
BANANAS31USDT,1752192000000,1752278400000,297.80858800000004,0.0,0.6996035034257251,-139.32341662649995,-140.02302012992567,liquidated,0.0,0.0,7991.0,1.0,0.037212098000000006,0.037285845,0.07438716903681593,0.0571188035
BANANAS31USDT,1752278400000,1752537600000,290.843428,-2.0418139090585603,0.5110251196883999,-0.76934928399997,-3.3221883127469303,signal,18.0,6.0,15874.0,1.0,0.018294517000000003,0.018339468,0.008506741,0.008503226
ASRUSDT,1754697600000,1755475200000,294.33799999999997,0.45220415136599995,0.5570669888850001,-1.2056824999999924,-1.3105453375189924,signal,54.0,50.0,37.4,1.0,7.858195,7.873793000000001,4.554822000000001,4.5381825000000005
FORMUSDT,1755216000000,1757894400000,294.6618,2.706351034923001,0.5630433630570001,-0.9740635200000493,1.1692441518659518,signal,186.0,175.0,77.4,1.0,3.8012895,3.80940555,2.2584826500000004,2.2540139000000003
BAKEUSDT,1758067200000,1758153600000,299.0414,0.08447026,0.72537263127,7.720867700000065,7.079965328730065,unavailable,3.0,3.0,5957.0,1.0,0.0501247,0.05017515,0.0504756,0.051822150000000004
TUTUSDT,1754697600000,1758326400000,294.72795,4.6034359151385,0.8827811461425,-4.858532249999845,-1.1378774810038452,watchdog,246.0,246.0,4895.0,1.0,0.060119685000000006,0.060200165,0.09068625999999999,0.08977419
LINEAUSDT,1757721600000,1758499200000,299.01495,1.425452626243,0.8959898574224999,-4.930043100000126,-4.400580331179626,watchdog,48.0,48.0,12995.0,1.0,0.022975485,0.0230345,0.034645205,0.034324839999999995
ALPINEUSDT,1756425600000,1758931200000,294.7425,6.1069265739624985,0.9082993542187501,-5.422324374999951,-0.22369715525620215,watchdog,168.0,168.0,162.5,1.0,1.8110793000000003,1.8157195000000002,2.86192095,2.833193
ALPINEUSDT,1758931200000,1759190400000,298.79122,2.064607648285,0.8886027762885,-5.121779389999923,-3.945774518003423,watchdog,12.0,12.0,63.7,1.0,4.6835641,4.685017,6.9897127999999995,6.910761000000001
ALPINEUSDT,1759190400000,1759276800000,298.41720000000004,0.0,0.9711632089395,-11.649012209999926,-12.620175418939425,watchdog,0.0,0.0,44.7,1.0,6.665986,6.672994500000001,11.593336299999999,11.339740500000001
ALPINEUSDT,1759276800000,1759536000000,302.09985,-0.030687800436,0.4400240794335001,-0.304882980000058,-0.7755948598695581,signal,18.0,8.0,45.7,1.0,6.600584250000001,6.603891000000001,1.4232316500000002,1.419867
TUTUSDT,1759708800000,1760313600000,302.01238,0.7897774010122001,0.47212338022875006,0.1868596149999306,0.5045136357833806,signal,42.0,36.0,2909.0,1.0,0.10366427,0.10360517500000001,0.031617355,0.031622495
PUMPUSDT,1757894400000,1761177600000,299.058151,2.39616003247397,0.51373850324265,-0.9857317750000612,0.8966897542312586,signal,228.0,216.0,37303.0,1.0,0.0080049745,0.0080250195,0.0034631870000000004,0.003456807
GIGGLEUSDT,1761609600000,1762300800000,301.0416,0.22045807828199998,0.586970243505,-1.3612185000000565,-1.7277306652230566,signal,48.0,44.0,1.77,1.0,169.82488000000004,170.21494,106.51954,106.14055
XPLUSDT,1759708800000,1765670400000,301.90860000000004,1.5554419000719997,0.42316611093,-0.7317069999999979,0.4005687891420018,signal,414.0,355.0,326.0,1.0,0.9247108500000001,0.92668795,0.15593355,0.15566615000000003
TSTUSDT,1744329600000,1767225600000,285.7245,14.328284062035507,0.41894938515375,-0.9275286749999359,12.981806001881822,signal,1590.0,1573.0,3985.0,1.0,0.07159245,0.07180755,0.015893805,0.015876150000000002
币安人生USDT,1768003200000,1768435200000,314.37753,0.6418016473715,0.9538863091274999,-5.813851439999991,-6.1259361017559915,watchdog,24.0,23.0,2257.0,1.0,0.139081065,0.13950895000000002,0.214189535,0.2120415
KITEUSDT,1766880000000,1769644800000,310.3265,5.4386317777772994,0.94042190481525,-5.16521034499988,-0.6670004720378309,watchdog,186.0,186.0,3319.0,1.0,0.09335975,0.09343995,0.143633455,0.14215740000000002
SOLVUSDT,1759795200000,1770768000000,301.99344,4.357710623870401,0.400695723288,-0.44660904000009344,3.510405860582307,signal,762.0,748.0,6936.0,1.0,0.04347469,0.043555235000000005,0.004606900000000001,0.004623055
KITEUSDT,1769644800000,1771027200000,314.09466,3.5490708132627002,0.939495526497,-4.374994139999911,-1.7654188532342108,watchdog,90.0,90.0,2211.0,1.0,0.14184691,0.14171224999999998,0.21365715,0.21154375
币安人生USDT,1768435200000,1775692800000,314.21884,2.7064091138842,0.49193603144250003,-0.6959981700000446,1.5184749124416554,signal,504.0,478.0,1186.0,1.0,0.26454259,0.26499690000000004,0.08091118500000001,0.08077865000000001
BANANAS31USDT,1774224000000,1777852800000,322.142188,4.936159888266201,0.7050721275114,-0.6292186440000052,3.601869116754796,signal,252.0,245.0,23614.0,1.0,0.013621537,0.013634421,0.011260866000000001,0.011247104
KITEUSDT,1776470400000,1778716800000,326.19104,3.0763501371552,0.977651303712,-5.516393279999911,-3.4176944465567116,watchdog,150.0,150.0,2272.0,1.0,0.143354645,0.14371525,0.21629898499999997,0.21423160000000002
币安人生USDT,1778457600000,1780272000000,330.33869999999996,4.438637085443401,0.986215231062,-5.536531559999877,-2.0841097056184763,watchdog,120.0,117.0,723.0,1.0,0.45621465,0.45698445,0.6843256699999999,0.6774377500000001
SAHARAUSDT,1780790400000,1781049600000,334.01725,-1.6788590514171,0.62667457434225,0.7796625550000765,-1.5258710707592735,signal,18.0,12.0,10199.0,1.0,0.032700875000000004,0.032739035,0.01840757,0.018522175000000002
DEXEUSDT,1781136000000,1783382400000,334.00336000000004,7.994550319130502,1.01267099658825,-6.616618764999961,0.3652605575422907,watchdog,149.0,149.0,18.490000000000002,1.0,18.036904,18.055042,27.80456,27.4648495
DEXEUSDT,1783382400000,1783900800000,338.39040000000006,1.9759559385840002,1.022128390575,-5.266279379999963,-4.312451831990963,watchdog,30.0,30.0,12.120000000000001,1.0,27.878120000000003,27.9188155,42.620934999999996,42.227119
FORMUSDT,1759881600000,1784073600000,301.93014000000005,7.444877656492799,0.4160149562565001,-1.2413841899999662,5.787478510236332,signal,1679.0,1578.0,224.20000000000002,1.0,1.3446799500000002,1.350022,0.19839715000000002,0.19820225000000002
DEXEUSDT,1783900800000,1784419200000,337.977,0.16642480204499996,0.7040486871,-0.9987664499999467,-1.5363903350549468,signal,36.0,30.0,7.05,1.0,47.86809,47.930788500000006,35.362965,35.283994500000006
币安人生USDT,1780272000000,1784505600000,333.48321999999996,7.259189389599,0.8164703175615001,-1.4766289299999857,4.9660901420375145,signal,293.0,281.0,518.0,1.0,0.642824315,0.64406465,0.6709048500000001,0.66929455
KITEUSDT,1780444800000,1788134400000,333.9495,8.531307528044602,0.6440340257385,-1.729466030000032,6.15780747230607,end,533.0,525.0,1706.0,1.0,0.19545637500000002,0.19599355000000002,0.11909838,0.11862180000000001
币安人生USDT,1787443200000,1788134400000,341.97090000000003,1.2006343098130001,0.7977572742975001,-1.9275966499998374,-1.5247196144843373,end,48.0,48.0,667.0,1.0,0.5119309500000001,0.5135692000000001,0.48452570000000006,0.48327400000000004
1000PEPEUSDT,1787529600000,1788134400000,342.2290014,0.56412093318477,0.752135236951995,-1.2620623352999925,-1.4500766390672175,end,21.0,19.0,83499.0,1000.0,0.0040924521,4.10615e-06,0.0034063018000000003,3.404885e-06
